name,category,tags
experimental,"General","experimental"
test-only-unsafe,"Testing/Fuzzing","security,testing"
abort-on-contradictory-flags,"General",""
exit-on-contradictory-flags,"General",""
allow-overwriting-for-next-flag,"General",""
use-strict,"JavaScript Features","parsing"
trace-temporal,"Debugging/Tracing","tracing"
harmony,"JavaScript Features","experimental"
harmony-shipping,"JavaScript Features",""
js-staging,"JavaScript Features","experimental"
js-shipping,"JavaScript Features",""
harmony-shadow-realm,"JavaScript Features","experimental,security"
harmony-struct,"JavaScript Features","array,experimental,object"
harmony-intl-best-fit-matcher,"JavaScript Features","experimental"
js-decorators,"JavaScript Features","experimental"
js-source-phase-imports,"JavaScript Features","experimental"
js-defer-import-eval,"JavaScript Features","experimental"
js-upsert,"JavaScript Features",""
js-intl-locale-variants,"JavaScript Features",""
harmony-import-attributes,"JavaScript Features",""
harmony-temporal,"JavaScript Features",""
harmony-remove-intl-locale-info-getters,"JavaScript Features",""
js-regexp-duplicate-named-groups,"RegExp",""
js-regexp-modifiers,"RegExp",""
js-promise-try,"JavaScript Features",""
js-atomics-pause,"JavaScript Features",""
js-error-iserror,"JavaScript Features",""
js-regexp-escape,"RegExp",""
js-explicit-resource-management,"JavaScript Features",""
js-float16array,"JavaScript Features","array"
js-base-64,"JavaScript Features","string"
builtin-subclassing,"JavaScript Features","object"
enable-sharedarraybuffer-per-context,"JavaScript Features","concurrent,memory-allocation"
js-nonextensible-applies-to-private,"JavaScript Features","object,property-access"
for-of-optimization,"Compiler","loop,optimization"
icu-timezone-data,"Runtime",""
icu-datetime-compat-lang,"Runtime",""
icu-default-italian-number-grouping-always,"Runtime",""
icu-british-remove-full-weekday-comma,"Runtime",""
stress-snapshot,"Testing/Fuzzing","memory-allocation,testing"
lite-mode,"Garbage Collection","memory-allocation"
enable-allocation-folding,"Garbage Collection","memory-allocation,optimization"
disable-write-barriers,"Garbage Collection",""
enable-unconditional-write-barriers,"Garbage Collection",""
single-generation,"Garbage Collection","memory-allocation"
conservative-stack-scanning,"Garbage Collection","experimental"
direct-handle,"Garbage Collection",""
scavenger-conservative-object-pinning,"Garbage Collection",""
stress-scavenger-conservative-object-pinning,"Testing/Fuzzing","testing"
stress-scavenger-conservative-object-pinning-random,"Testing/Fuzzing","testing"
scavenger-precise-object-pinning,"Garbage Collection",""
scavenger-updates-allocation-limit,"Garbage Collection","memory-allocation"
precise-object-pinning,"Garbage Collection",""
scavenger-promote-quarantined-pages,"Garbage Collection",""
scavenger-chaos-mode,"Testing/Fuzzing","testing"
scavenger-chaos-mode-threshold,"Testing/Fuzzing","testing"
local-off-stack-check,"Debugging/Tracing","memory-allocation"
experimental-fuzzing,"Testing/Fuzzing","experimental,fuzzing"
future,"JavaScript Features","experimental"
force-emit-interrupt-budget-checks,"Compiler",""
maglev,"Maglev","compilation,optimization"
maglev-future,"Maglev","experimental"
optimize-on-next-call-optimizes-to-maglev,"Maglev","optimization"
stress-maglev,"Testing/Fuzzing","maglev,testing"
maglev-as-top-tier,"Maglev",""
maglev-inlining,"Maglev","inlining,optimization"
maglev-loop-peeling,"Maglev","loop,optimization"
maglev-optimistic-peeled-loops,"Maglev","loop,optimization"
maglev-loop-peeling-max-size,"Maglev","loop,optimization"
maglev-loop-peeling-max-size-cumulative,"Maglev","loop,optimization"
maglev-deopt-data-on-background,"Maglev","concurrent,deoptimization"
maglev-build-code-on-background,"Maglev","compilation,concurrent"
maglev-destroy-on-background,"Maglev","compilation,concurrent"
maglev-inline-api-calls,"Maglev","function-call,inlining,optimization"
maglev-cons-string-elision,"Maglev","optimization,string"
maglev-pretenure-store-values,"Maglev","memory-allocation,optimization,store"
maglev-poly-calls,"Maglev","function-call,inlining,optimization"
maglev-truncation,"Maglev","optimization"
maglev-licm,"Maglev","experimental,loop,optimization"
maglev-range-analysis,"Maglev","experimental,optimization"
trace-maglev-range-analysis,"Debugging/Tracing","maglev,tracing"
concurrent-maglev-max-threads,"Maglev","compilation,concurrent"
concurrent-maglev-high-priority-threads,"Maglev","compilation,concurrent"
max-maglev-inline-depth,"Maglev","inlining,optimization"
max-maglev-hard-inline-depth,"Maglev","inlining,optimization"
max-maglev-inlined-bytecode-size,"Maglev","inlining,optimization"
max-maglev-inlined-bytecode-size-cumulative,"Maglev","inlining,optimization"
max-maglev-inlined-bytecode-size-small-total,"Maglev","inlining,optimization"
max-maglev-inlined-bytecode-size-small,"Maglev","inlining,optimization"
max-maglev-inlined-bytecode-size-small-with-heapnum-in-out,"Maglev","inlining,optimization"
min-maglev-inlining-frequency,"Maglev","inlining,optimization"
maglev-reuse-stack-slots,"Maglev","optimization"
maglev-untagged-phis,"Maglev","optimization"
maglev-hoist-osr-value-phi-untagging,"Maglev","optimization"
maglev-speculative-hoist-phi-untagging,"Maglev","experimental,loop,optimization"
maglev-cse,"Maglev","optimization"
maglev-non-eager-inlining,"Maglev","experimental,inlining,optimization"
turbolev-non-eager-inlining,"TurboLev","experimental,inlining,optimization"
maglev-filter,"Debugging/Tracing","maglev"
maglev-print-filter,"Debugging/Tracing","maglev,tracing"
maglev-assert,"Debugging/Tracing","maglev"
maglev-assert-stack-size,"Debugging/Tracing","maglev"
maglev-break-on-entry,"Debugging/Tracing","maglev"
maglev-print-bytecode,"Debugging/Tracing","maglev,tracing"
maglev-print-feedback,"Debugging/Tracing","maglev"
maglev-print-inlined,"Debugging/Tracing","inlining,maglev,tracing"
maglev-print-provenance,"Debugging/Tracing","maglev,tracing"
print-maglev-code,"Debugging/Tracing","maglev,tracing"
trace-maglev-graph-building,"Debugging/Tracing","maglev,tracing"
trace-maglev-loop-speeling,"Debugging/Tracing","loop,maglev,tracing"
trace-maglev-inlining,"Debugging/Tracing","inlining,maglev,tracing"
trace-maglev-kna-processor,"Debugging/Tracing","maglev,tracing"
print-maglev-deopt-verbose,"Debugging/Tracing","deoptimization,maglev,tracing"
print-maglev-graph,"Debugging/Tracing","maglev,tracing"
print-maglev-graphs,"Debugging/Tracing","maglev,tracing"
trace-maglev-phi-untagging,"Debugging/Tracing","maglev,tracing"
trace-maglev-regalloc,"Debugging/Tracing","maglev,tracing"
maglev-stats,"Debugging/Tracing","maglev"
maglev-stats-nvp,"Debugging/Tracing","maglev"
maglev-function-context-specialization,"Maglev","optimization"
specialize-code-for-one-byte-seq-strings,"Maglev","experimental,optimization,string"
additive-safe-int-feedback,"Compiler","optimization"
turbolev-additive-safe-int-feedback,"TurboLev","experimental,optimization"
enable-enumerated-keyed-access-bytecode,"Compiler","property-access"
dict-property-const-tracking,"Compiler","optimization,property-access"
script-context-cells,"Runtime","memory-allocation"
function-context-cells,"Runtime","memory-allocation"
function-context-cells-max-size,"Runtime","memory-allocation"
empty-context-extension-dep,"Compiler","optimization"
json-stringify-fast-path,"Runtime","optimization,string"
cache-property-key-string-adds,"Runtime","optimization,property-access,string"
smi-string-cache-size,"Runtime","string"
double-string-cache-size,"Runtime","string"
trace-number-string-cache,"Debugging/Tracing","tracing"
maglev-inline-date-accessors,"Maglev","inlining,optimization"
turbofan-inline-date-accessors,"TurboFan","inlining,optimization"
inline-date-accessors,"Compiler","inlining,optimization"
extensible-ro-snapshot,"Runtime",""
max-opt,"Compiler","optimization"
efficiency-mode,"General",""
battery-saver-mode,"General",""
memory-saver-mode,"Garbage Collection","memory-allocation"
efficiency-mode-disable-turbofan,"TurboFan",""
efficiency-mode-delay-turbofan-multiply,"TurboFan",""
wasm-trace-native,"Debugging/Tracing","tracing,wasm"
jitless,"Compiler","compilation"
disable-optimizing-compilers,"Compiler","optimization"
memory-protection-keys,"Garbage Collection","memory-allocation"
force-memory-protection-keys,"Garbage Collection","memory-allocation"
assert-types,"Debugging/Tracing","type"
turboshaft-assert-types,"Debugging/Tracing","experimental,type"
verify-simplified-lowering,"Debugging/Tracing","compilation"
trace-compilation-dependencies,"Debugging/Tracing","compilation,tracing"
unmap-holes,"Garbage Collection","memory-allocation"
assert-hole-checked-by-value,"Debugging/Tracing","experimental"
allocation-site-tracking,"Garbage Collection","memory-allocation"
allocation-site-pretenuring,"Garbage Collection","memory-allocation,optimization"
page-promotion,"Garbage Collection","memory-allocation"
page-promotion-threshold,"Garbage Collection","memory-allocation"
minor-ms-page-promotion-threshold,"Garbage Collection","memory-allocation"
minor-ms-page-promotion-max-lab-threshold,"Garbage Collection","memory-allocation"
minor-ms-max-page-age,"Garbage Collection","memory-allocation"
trace-page-promotions,"Debugging/Tracing","gc,tracing"
trace-pretenuring,"Debugging/Tracing","gc,memory-allocation,tracing"
trace-pretenuring-statistics,"Debugging/Tracing","gc,memory-allocation,tracing"
trace-resize-large-object,"Debugging/Tracing","gc,memory-allocation,tracing"
track-field-types,"Compiler","optimization,property-access,type"
trace-block-coverage,"Debugging/Tracing","tracing"
trace-protector-invalidation,"Debugging/Tracing","tracing"
decommit-pooled-pages,"Garbage Collection","memory-allocation"
zero-unused-memory,"Garbage Collection","memory-allocation"
high-end-android,"General",""
high-end-android-physical-memory-threshold,"General",""
minor-ms-shortcut-strings,"Garbage Collection","optimization,string"
feedback-normalization,"Compiler","experimental,optimization"
internalize-on-the-fly,"Runtime","optimization,string"
unbox-double-arrays,"Compiler","array,optimization"
string-slices,"Runtime","optimization,string"
invocation-count-for-feedback-allocation,"Compiler","memory-allocation"
invocation-count-for-maglev,"Maglev",""
invocation-count-for-maglev-osr,"Maglev",""
osr-from-maglev,"Compiler",""
osr-from-maglev-interrupt-scale-factor,"Compiler",""
always-osr-from-maglev,"Compiler",""
invocation-count-for-turbofan,"TurboFan",""
invocation-count-for-osr,"Compiler",""
osr-to-tierup,"Compiler",""
minimum-invocations-after-ic-update,"Compiler",""
minimum-invocations-before-optimization,"Compiler","optimization"
jit-fuzzing,"Testing/Fuzzing","compilation,fuzzing"
use-std-math-pow,"Runtime",""
use-ic,"Runtime","optimization"
lazy-feedback-allocation,"Compiler","memory-allocation"
stress-ic,"Testing/Fuzzing","testing"
ignition-elide-noneffectful-bytecodes,"Ignition","optimization"
ignition-reo,"Ignition","optimization"
ignition-filter-expression-positions,"Ignition","optimization"
ignition-share-named-property-feedback,"Ignition","optimization,property-access"
ignition-elide-redundant-tdz-checks,"Ignition","optimization"
print-bytecode,"Debugging/Tracing","ignition,tracing"
enable-lazy-source-positions,"Compiler","compilation,parsing"
stress-lazy-source-positions,"Testing/Fuzzing","parsing,testing"
print-bytecode-filter,"Debugging/Tracing","ignition,tracing"
omit-default-ctors,"Ignition","optimization"
trace-ignition-codegen,"Debugging/Tracing","compilation,ignition,tracing"
trace-ignition-dispatches-output-file,"Debugging/Tracing","ignition,tracing"
trace-track-allocation-sites,"Debugging/Tracing","memory-allocation,tracing"
trace-migration,"Debugging/Tracing","gc,tracing"
trace-generalization,"Debugging/Tracing","object,tracing"
reuse-scope-infos,"Compiler",""
sparkplug,"Sparkplug","compilation"
always-sparkplug,"Sparkplug","compilation"
baseline-batch-compilation,"Sparkplug","compilation"
concurrent-sparkplug,"Sparkplug","compilation,concurrent"
concurrent-sparkplug-max-threads,"Sparkplug","compilation,concurrent"
concurrent-sparkplug-high-priority-threads,"Sparkplug","compilation,concurrent"
sparkplug-filter,"Debugging/Tracing","sparkplug"
sparkplug-needs-short-builtins,"Sparkplug",""
baseline-batch-compilation-threshold,"Sparkplug","compilation"
trace-baseline,"Debugging/Tracing","sparkplug,tracing"
trace-baseline-batch-compilation,"Debugging/Tracing","sparkplug,tracing"
shared-strings,"Runtime","memory-allocation,string"
shared-string-table,"Runtime","memory-allocation,string"
always-use-string-forwarding-table,"Runtime","experimental,memory-allocation,string"
transition-strings-during-gc-with-stack,"Garbage Collection","string"
initial-shared-heap-size,"Garbage Collection","memory-allocation"
max-shared-heap-size,"Garbage Collection","memory-allocation"
concurrent-builtin-generation,"Compiler","compilation,concurrent"
concurrent-recompilation,"Compiler","compilation,concurrent,optimization"
trace-concurrent-recompilation,"Debugging/Tracing","compilation,tracing"
concurrent-recompilation-queue-length,"Compiler","compilation,concurrent"
concurrent-recompilation-delay,"Compiler","compilation,concurrent"
concurrent-recompilation-front-running,"Compiler","compilation,concurrent"
concurrent-turbofan-max-threads,"TurboFan","compilation,concurrent"
stress-concurrent-inlining,"Testing/Fuzzing","concurrent,inlining,testing"
maglev-overwrite-budget,"Maglev",""
maglev-overwrite-osr-budget,"Maglev",""
stress-concurrent-inlining-attach-code,"Testing/Fuzzing","concurrent,inlining,testing"
max-serializer-nesting,"Runtime",""
trace-heap-broker-verbose,"Debugging/Tracing","gc,tracing"
trace-heap-broker,"Debugging/Tracing","gc,tracing"
stress-runs,"Testing/Fuzzing","testing"
deopt-every-n-times,"Testing/Fuzzing","deoptimization,testing"
print-deopt-stress,"Debugging/Tracing","deoptimization,tracing"
turbofan,"TurboFan","compilation,optimization"
opt,"TurboFan","compilation,optimization"
stress-turbo-late-spilling,"Testing/Fuzzing","testing,turbofan"
turbo-wasm-address-reassociation,"TurboFan","optimization,wasm"
concurrent-turbo-tracing,"Debugging/Tracing","concurrent,tracing,turbofan"
optimize-maglev-optimizes-to-turbofan,"Compiler","maglev,optimization,turbofan"
turbo-filter,"Debugging/Tracing","turbofan"
trace-turbo,"Debugging/Tracing","tracing,turbofan"
trace-turbo-path,"Debugging/Tracing","tracing,turbofan"
trace-turbo-filter,"Debugging/Tracing","tracing,turbofan"
trace-turbo-graph,"Debugging/Tracing","tracing,turbofan"
trace-turbo-scheduled,"Debugging/Tracing","tracing,turbofan"
trace-turbo-file-prefix,"Debugging/Tracing","tracing,turbofan"
trace-turbo-cfg-file,"Debugging/Tracing","tracing,turbofan"
trace-turbo-types,"Debugging/Tracing","tracing,turbofan,type"
trace-turbo-scheduler,"Debugging/Tracing","scheduling,tracing,turbofan"
trace-turbo-reduction,"Debugging/Tracing","tracing,turbofan"
trace-turbo-bailouts,"Debugging/Tracing","deoptimization,tracing,turbofan"
trace-turbo-trimming,"Debugging/Tracing","tracing,turbofan"
trace-turbo-jt,"Debugging/Tracing","tracing,turbofan"
trace-turbo-ceq,"Debugging/Tracing","tracing,turbofan"
trace-turbo-loop,"Debugging/Tracing","loop,tracing,turbofan"
trace-turbo-alloc,"Debugging/Tracing","tracing,turbofan"
trace-all-uses,"Debugging/Tracing","tracing"
trace-representation,"Debugging/Tracing","tracing,type"
trace-turbo-stack-accesses,"Debugging/Tracing","property-access,tracing,turbofan"
fuzzing-and-concurrent-recompilation,"Testing/Fuzzing","compilation,concurrent,fuzzing"
turbo-verify,"Debugging/Tracing","turbofan"
turbo-verify-machine-graph,"Debugging/Tracing","turbofan"
verify-csa,"Debugging/Tracing","turbofan"
trace-verify-csa,"Debugging/Tracing","tracing,turbofan"
csa-trap-on-node,"Debugging/Tracing","turbofan"
builtins-effects-src,"Compiler",""
fixed-array-bounds-checks,"Compiler","array,bounds-check"
turbo-stats,"Debugging/Tracing","turbofan"
turbo-stats-nvp,"Debugging/Tracing","turbofan"
turbo-stats-wasm,"Debugging/Tracing","turbofan,wasm"
turbo-splitting,"TurboFan","optimization"
turbo-inlining,"TurboFan","inlining,optimization"
turbo-elide-frames,"TurboFan","optimization"
max-inlined-bytecode-size,"TurboFan","inlining,optimization"
max-inlined-bytecode-size-cumulative,"TurboFan","inlining,optimization"
max-turbolev-inlined-bytecode-size-cumulative,"TurboLev","inlining,optimization"
max-inlined-bytecode-size-absolute,"TurboFan","inlining,optimization"
max-inlined-bytecode-size-small-total,"TurboFan","inlining,optimization"
reserve-inline-budget-scale-factor,"TurboFan","inlining,optimization"
max-inlined-bytecode-size-small,"TurboFan","inlining,optimization"
max-inlined-bytecode-size-small-with-heapnum-in-out,"TurboFan","inlining,optimization"
max-optimized-bytecode-size,"TurboFan","optimization"
min-inlining-frequency,"TurboFan","inlining,optimization"
stress-inline,"Testing/Fuzzing","inlining,testing"
trace-turbo-inlining,"Debugging/Tracing","inlining,tracing,turbofan"
turbo-inline-array-builtins,"TurboFan","array,inlining,optimization"
use-osr,"Compiler",""
maglev-osr,"Maglev",""
concurrent-osr,"Compiler","concurrent"
maglev-allocation-folding,"Maglev","memory-allocation,optimization"
maglev-escape-analysis,"Maglev","memory-allocation,optimization"
trace-maglev-escape-analysis,"Debugging/Tracing","maglev,tracing"
maglev-object-tracking,"Maglev","experimental,object,optimization"
trace-maglev-object-tracking,"Debugging/Tracing","maglev,object,tracing"
turbo-string-builder,"TurboFan","optimization,string"
trace-osr,"Debugging/Tracing","tracing"
log-or-trace-osr,"Debugging/Tracing","tracing"
analyze-environment-liveness,"Compiler","optimization"
trace-environment-liveness,"Debugging/Tracing","compilation,tracing"
turbo-load-elimination,"TurboFan","load,optimization"
trace-turbo-load-elimination,"Debugging/Tracing","load,tracing,turbofan"
turbo-profiling,"Debugging/Tracing","profiling,turbofan"
turbo-profiling-verbose,"Debugging/Tracing","profiling,turbofan"
turbo-profiling-output,"Debugging/Tracing","profiling,turbofan"
reorder-builtins,"Compiler","optimization"
abort-on-bad-builtin-profile-data,"Compiler","profiling"
warn-about-builtin-profile-data,"Compiler","profiling"
dump-builtins-hashes-to-file,"Debugging/Tracing",""
turbo-verify-allocation,"Debugging/Tracing","turbofan"
turbo-move-optimization,"TurboFan","optimization"
turbo-jt,"TurboFan","optimization"
turbo-loop-peeling,"TurboFan","loop,optimization"
turbo-loop-variable,"TurboFan","loop,optimization"
turbo-loop-rotation,"TurboFan","loop,optimization"
turbo-cf-optimization,"TurboFan","optimization"
turbo-escape,"TurboFan","memory-allocation,optimization"
turbo-allocation-folding,"TurboFan","memory-allocation,optimization"
turbo-instruction-scheduling,"TurboFan","optimization,scheduling"
turbo-stress-instruction-scheduling,"Testing/Fuzzing","scheduling,testing,turbofan"
turbo-store-elimination,"TurboFan","optimization,store"
trace-store-elimination,"Debugging/Tracing","store,tracing"
turbo-typer-hardening,"TurboFan","type"
turbo-rewrite-far-jumps,"TurboFan","optimization"
stress-gc-during-compilation,"Testing/Fuzzing","compilation,gc,testing"
turbo-fast-api-calls,"TurboFan","function-call,optimization"
fast-api-allow-float-in-sim,"API/Embedder",""
turbo-compress-frame-translations,"TurboFan","deoptimization,optimization"
turbo-inline-js-wasm-calls,"TurboFan","inlining,optimization,wasm"
turbo-optimize-inlined-js-wasm-wrappers,"TurboFan","inlining,optimization,wasm"
turbo-optimize-apply,"TurboFan","function-call,optimization"
turbo-optimize-math-minmax,"TurboFan","array,optimization"
turboshaft,"TurboFan","experimental"
turboshaft-enable-debug-features,"Debugging/Tracing","experimental,turbofan"
turboshaft-wasm-load-elimination,"TurboFan","load,optimization,wasm"
turboshaft-wasm-in-js-inlining,"TurboFan","experimental,inlining,wasm"
turbolev-inline-js-wasm-wrappers,"TurboLev","experimental,inlining,wasm"
turboshaft-load-elimination,"TurboFan","load,optimization"
turboshaft-loop-unrolling,"TurboFan","loop,optimization"
turboshaft-string-concat-escape-analysis,"TurboFan","memory-allocation,optimization,string"
turboshaft-typed-optimizations,"TurboFan","experimental,optimization,type"
turbolev,"TurboLev","compilation,experimental"
print-turbolev-frontend,"Debugging/Tracing","tracing,turbolev"
turbolev-future,"TurboLev","experimental"
typed-array-length-loading,"Compiler","array,load,optimization"
deduplicate-heap-number-requests,"Compiler","optimization"
turboshaft-verify-load-elimination,"Debugging/Tracing","load,turbofan"
turboshaft-opt-bisect-limit,"Debugging/Tracing","optimization,turbofan"
turboshaft-opt-bisect-break,"Debugging/Tracing","optimization,turbofan"
turboshaft-verify-reductions,"Debugging/Tracing","turbofan"
turboshaft-trace-typing,"Debugging/Tracing","tracing,turbofan,type"
turboshaft-trace-reduction,"Debugging/Tracing","tracing,turbofan"
turboshaft-trace-intermediate-reductions,"Debugging/Tracing","tracing,turbofan"
turboshaft-trace-emitted,"Debugging/Tracing","tracing,turbofan"
turboshaft-trace-unrolling,"Debugging/Tracing","loop,tracing,turbofan"
turboshaft-trace-peeling,"Debugging/Tacing","loop,tracing,turbofan"
turboshaft-trace-load-elimination,"Debugging/Tracing","load,tracing,turbofan"
turboshaft-trace-if-else-to-switch,"Debugging/Tracing","tracing,turbofan"
trace-turbolev-graph-building,"Debugging/Tracing","tracing,turbolev"
profile-guided-optimization,"Compiler","optimization,profiling"
profile-guided-optimization-for-empty-feedback-vector,"Compiler","optimization,profiling"
invocation-count-for-early-optimization,"Compiler","optimization"
invocation-count-for-maglev-with-delay,"Maglev",""
optimize-for-size,"Compiler","memory-allocation,optimization"
reopt-after-lazy-deopts,"Compiler","deoptimization,optimization"
verify-get-js-builtin-state,"Debugging/Tracing",""
wasm-generic-wrapper,"WebAssembly",""
wasm-num-compilation-tasks,"WebAssembly","compilation,concurrent"
trace-wasm-native-heap,"Debugging/Tracing","gc,tracing,wasm"
trace-wasm-offheap-memory,"Debugging/Tracing","memory-allocation,tracing,wasm"
print-wasm-offheap-memory-size,"Debugging/Tracing","memory-allocation,wasm"
trace-wasm-serialization,"Debugging/Tracing","tracing,wasm"
wasm-async-compilation,"WebAssembly","compilation,concurrent"
wasm-test-streaming,"WebAssembly","compilation,testing"
wasm-native-module-cache,"WebAssembly",""
wasm-max-mem-pages,"WebAssembly","memory-allocation"
wasm-max-table-size,"WebAssembly","memory-allocation"
wasm-max-committed-code-mb,"WebAssembly","memory-allocation"
wasm-max-code-space-size-mb,"WebAssembly","memory-allocation"
wasm-tier-up,"WebAssembly","compilation"
wasm-dynamic-tiering,"WebAssembly","compilation"
wasm-sync-tier-up,"WebAssembly","compilation,testing"
wasm-tiering-budget,"WebAssembly","compilation"
wasm-wrapper-tiering-budget,"WebAssembly","compilation"
max-wasm-functions,"WebAssembly",""
wasm-caching-threshold,"WebAssembly",""
wasm-caching-hard-threshold,"WebAssembly",""
wasm-caching-timeout-ms,"WebAssembly",""
trace-wasm-compilation-times,"Debugging/Tracing","compilation,tracing,wasm"
wasm-tier-up-filter,"Debugging/Tracing","wasm"
wasm-eager-tier-up-function,"Debugging/Tracing","wasm"
trace-wasm-decoder,"Debugging/Tracing","parsing,tracing,wasm"
trace-wasm-compiler,"Debugging/Tracing","compilation,tracing,wasm"
trace-wasm-streaming,"Debugging/Tracing","compilation,tracing,wasm"
trace-wasm-stack-switching,"Debugging/Tracing","tracing,wasm"
stress-wasm-stack-switching,"Testing/Fuzzing","testing,wasm"
wasm-stack-switching-stack-size,"WebAssembly","memory-allocation"
liftoff,"Liftoff","compilation,wasm"
liftoff-only,"Liftoff","compilation,testing,wasm"
enable-testing-opcode-in-wasm,"WebAssembly","testing"
trace-liftoff,"Debugging/Tracing","liftoff,tracing"
trace-wasm-memory,"Debugging/Tracing","property-access,tracing,wasm"
trace-wasm-globals,"Debugging/Tracing","property-access,tracing,wasm"
wasm-tier-mask-for-testing,"WebAssembly","testing"
wasm-debug-mask-for-testing,"WebAssembly","debugging,testing"
experimental-wasm-pgo-to-file,"WebAssembly","experimental,profiling"
experimental-wasm-pgo-from-file,"WebAssembly","experimental,profiling"
validate-asm,"WebAssembly",""
suppress-asm-messages,"WebAssembly",""
trace-asm-time,"Debugging/Tracing","tracing,wasm"
trace-asm-scanner,"Debugging/Tracing","parsing,tracing,wasm"
trace-asm-parser,"Debugging/Tracing","parsing,tracing,wasm"
stress-validate-asm,"Testing/Fuzzing","testing,wasm"
dump-wasm-module,"Debugging/Tracing","wasm"
dump-wasm-module-path,"Debugging/Tracing","wasm"
wasm-fast-api,"WebAssembly","experimental"
wasm-assert-types,"Debugging/Tracing","experimental,type,wasm"
wasm-deopt,"WebAssembly","deoptimization"
wasm-deopts-per-function-limit,"WebAssembly","deoptimization"
experimental-wasm-type-reflection,"WebAssembly","experimental,type"
experimental-wasm-instruction-tracing,"WebAssembly","experimental,tracing"
experimental-wasm-shared,"WebAssembly","concurrent,experimental"
experimental-wasm-fp16,"WebAssembly","experimental"
experimental-wasm-memory-control,"WebAssembly","experimental,memory-allocation"
experimental-wasm-wasmfx,"WebAssembly","experimental"
experimental-wasm-compilation-hints,"WebAssembly","compilation,experimental"
experimental-wasm-growable-stacks,"WebAssembly","experimental,memory-allocation"
experimental-wasm-custom-descriptors,"WebAssembly","experimental"
experimental-wasm-stringref,"WebAssembly","experimental,string"
experimental-wasm-imported-strings-utf8,"WebAssembly","experimental,string"
experimental-wasm-rab-integration,"WebAssembly","experimental,memory-allocation"
experimental-wasm-legacy-eh,"WebAssembly","experimental"
experimental-wasm-branch-hinting,"WebAssembly","experimental,optimization"
experimental-wasm-exnref,"WebAssembly","experimental"
experimental-wasm-assume-ref-cast-succeeds,"WebAssembly","experimental,security,testing"
experimental-wasm-ref-cast-nop,"WebAssembly","experimental,security,testing"
experimental-wasm-skip-null-checks,"WebAssembly","experimental,security,testing"
experimental-wasm-skip-bounds-checks,"WebAssembly","bounds-check,experimental,security,testing"
experimental-wasm-js-interop,"WebAssembly","experimental"
wasm-staging,"WebAssembly","experimental"
wasm-opt,"WebAssembly","optimization"
wasm-bounds-checks,"WebAssembly","bounds-check"
wasm-stack-checks,"WebAssembly",""
wasm-enforce-bounds-checks,"WebAssembly","bounds-check"
wasm-math-intrinsics,"WebAssembly","optimization"
wasm-inlining,"WebAssembly","inlining,optimization"
wasm-inlining-budget,"WebAssembly","inlining,optimization"
wasm-inlining-max-size,"WebAssembly","inlining,optimization"
wasm-inlining-factor,"WebAssembly","inlining,optimization"
wasm-inlining-min-budget,"WebAssembly","inlining,optimization"
wasm-inlining-ignore-call-counts,"WebAssembly","inlining,optimization,testing"
trace-wasm-inlining,"Debugging/Tracing","inlining,tracing,wasm"
trace-wasm-typer,"Debugging/Tracing","tracing,type,wasm"
trace-wasm-simd-shuffle,"Debugging/Tracing","tracing,wasm"
wasm-inlining-call-indirect,"WebAssembly","function-call,inlining,optimization"
wasm-bulkmem-inlining,"WebAssembly","inlining,optimization,property-access"
wasm-loop-unrolling,"WebAssembly","loop,optimization"
wasm-loop-peeling,"WebAssembly","loop,optimization"
wasm-loop-peeling-max-size,"WebAssembly","loop,optimization"
trace-wasm-loop-peeling,"Debugging/Tracing","loop,tracing,wasm"
wasm-fuzzer-gen-test,"Testing/Fuzzing","fuzzing,wasm"
print-wasm-code,"Debugging/Tracing","tracing,wasm"
print-wasm-code-function-index,"Debugging/Tracing","tracing,wasm"
print-wasm-stub-code,"Debugging/Tracing","tracing,wasm"
asm-wasm-lazy-compilation,"WebAssembly","compilation"
wasm-lazy-compilation,"WebAssembly","compilation"
trace-wasm-lazy-compilation,"Debugging/Tracing","compilation,tracing,wasm"
wasm-lazy-validation,"WebAssembly","compilation,experimental"
wasm-simd-ssse3-codegen,"WebAssembly","compilation"
wasm-code-gc,"WebAssembly","gc"
trace-wasm-code-gc,"Debugging/Tracing","gc,tracing,wasm"
stress-wasm-code-gc,"Testing/Fuzzing","gc,testing,wasm"
wasm-max-initial-code-space-reservation,"WebAssembly","memory-allocation"
stress-wasm-memory-moving,"Testing/Fuzzing","memory-allocation,testing,wasm"
flush-liftoff-code,"Liftoff","memory-allocation"
stress-branch-hinting,"Testing/Fuzzing","optimization,testing"
wasm-max-module-size,"WebAssembly",""
wasm-disassembly-max-mb,"WebAssembly",""
wasm-capi-thread-pool-size,"WebAssembly","concurrent"
trace-wasm,"Debugging/Tracing","tracing,wasm"
trace-wasm-instances,"Debugging/Tracing","tracing,wasm"
experimental-wasm-revectorize,"WebAssembly","experimental,optimization"
trace-wasm-revectorize,"Debugging/Tracing","tracing,wasm"
wasm-memory64-trap-handling,"WebAssembly","memory-allocation"
wasm-jitless,"WebAssembly","compilation"
wasm-jitless-if-available-for-testing,"WebAssembly","compilation,testing"
wasm-allow-mixed-eh-for-testing,"WebAssembly","testing"
wasm-code-coverage,"WebAssembly",""
stress-sampling-allocation-profiler,"Testing/Fuzzing","memory-allocation,profiling,testing"
lazy-new-space-shrinking,"Garbage Collection","memory-allocation"
min-semi-space-size,"Garbage Collection","memory-allocation"
max-semi-space-size,"Garbage Collection","memory-allocation"
semi-space-growth-factor,"Garbage Collection","memory-allocation"
max-old-space-size,"Garbage Collection","memory-allocation"
max-heap-size,"Garbage Collection","memory-allocation"
initial-heap-size,"Garbage Collection","memory-allocation"
initial-old-space-size,"Garbage Collection","memory-allocation"
preconfigured-old-space-size,"Garbage Collection","memory-allocation"
gc-global,"Garbage Collection",""
random-gc-interval,"Garbage Collection","testing"
gc-interval,"Garbage Collection",""
cppgc-random-gc-interval,"Garbage Collection","testing"
retain-maps-for-n-gc,"Garbage Collection","object"
trace-gc,"Debugging/Tracing","gc,tracing"
trace-gc-nvp,"Debugging/Tracing","gc,tracing"
trace-gc-ignore-scavenger,"Debugging/Tracing","gc,tracing"
trace-memory-reducer,"Debugging/Tracing","gc,memory-allocation,tracing"
trace-gc-verbose,"Debugging/Tracing","gc,tracing"
trace-gc-freelists,"Debugging/Tracing","gc,tracing"
trace-gc-freelists-verbose,"Debugging/Tracing","gc,tracing"
trace-gc-heap-layout,"Debugging/Tracing","gc,tracing"
trace-gc-heap-layout-ignore-minor-gc,"Debugging/Tracing","gc,tracing"
trace-evacuation-candidates,"Debugging/Tracing","gc,tracing"
trace-pending-allocations,"Debugging/Tracing","memory-allocation,tracing"
trace-allocation-stack-interval,"Debugging/Tracing","memory-allocation,tracing"
trace-duplicate-threshold-kb,"Debugging/Tracing","gc,tracing"
trace-fragmentation,"Debugging/Tracing","gc,tracing"
trace-fragmentation-verbose,"Debugging/Tracing","gc,tracing"
minor-ms-trace-fragmentation,"Debugging/Tracing","gc,tracing"
trace-evacuation,"Debugging/Tracing","gc,tracing"
trace-mutator-utilization,"Debugging/Tracing","gc,tracing"
incremental-marking,"Garbage Collection",""
incremental-marking-task,"Garbage Collection","concurrent"
incremental-marking-soft-trigger,"Garbage Collection",""
incremental-marking-hard-trigger,"Garbage Collection",""
incremental-marking-unified-schedule,"Garbage Collection","experimental"
trace-unmapper,"Debugging/Tracing","memory-allocation,tracing"
parallel-scavenge,"Garbage Collection","concurrent"
minor-gc-task,"Garbage Collection","concurrent"
minor-gc-task-trigger,"Garbage Collection",""
minor-gc-task-with-lower-priority,"Garbage Collection","concurrent"
trace-parallel-scavenge,"Debugging/Tracing","concurrent,gc,tracing"
cppgc-young-generation,"Garbage Collection","experimental"
optimize-gc-for-battery,"Garbage Collection","optimization"
concurrent-marking,"Garbage Collection","concurrent"
concurrent-marking-max-worker-num,"Garbage Collection","concurrent"
concurrent-array-buffer-sweeping,"Garbage Collection","array,concurrent"
stress-concurrent-allocation,"Testing/Fuzzing","concurrent,memory-allocation,testing"
parallel-marking,"Garbage Collection","concurrent"
ephemeron-fixpoint-iterations,"Garbage Collection",""
trace-concurrent-marking,"Debugging/Tracing","concurrent,gc,tracing"
concurrent-sweeping,"Garbage Collection","concurrent"
parallel-compaction,"Garbage Collection","compaction,concurrent"
parallel-pointer-update,"Garbage Collection","compaction,concurrent"
parallel-weak-ref-clearing,"Garbage Collection","concurrent"
detect-ineffective-gcs-near-heap-limit,"Garbage Collection",""
ineffective-gc-includes-global,"Garbage Collection",""
ineffective-gcs-forces-last-resort,"Garbage Collection",""
ineffective-gc-size-threshold,"Garbage Collection",""
ineffective-gc-mutator-utilization-threshold,"Garbage Collection",""
trace-incremental-marking,"Debugging/Tracing","gc,tracing"
trace-stress-marking,"Debugging/Tracing","gc,testing,tracing"
trace-stress-scavenge,"Debugging/Tracing","gc,testing,tracing"
track-gc-object-stats,"Debugging/Tracing","gc"
trace-gc-object-stats,"Debugging/Tracing","gc,tracing"
trace-zone-stats,"Debugging/Tracing","memory-allocation,tracing"
zone-stats-tolerance,"Debugging/Tracing","memory-allocation"
trace-zone-type-stats,"Debugging/Tracing","memory-allocation,tracing,type"
trace-backing-store,"Debugging/Tracing","memory-allocation,tracing"
gc-stats,"Debugging/Tracing","gc"
trace-gc-object-stats-all-objects,"Debugging/Tracing","gc,object,tracing"
track-detached-contexts,"Garbage Collection",""
trace-detached-contexts,"Debugging/Tracing","tracing"
verify-heap,"Debugging/Tracing","gc"
verify-heap-skip-remembered-set,"Debugging/Tracing","gc"
verify-write-barriers,"Debugging/Tracing","gc"
memory-reducer-respects-frozen-state,"Garbage Collection","memory-allocation"
move-object-start,"Garbage Collection",""
memory-reducer,"Garbage Collection","memory-allocation"
memory-reducer-favors-memory,"Garbage Collection","memory-allocation"
memory-reducer-for-small-heaps,"Garbage Collection","memory-allocation"
memory-reducer-gc-count,"Garbage Collection","memory-allocation"
external-memory-accounted-in-global-limit,"Garbage Collection","memory-allocation"
external-memory-max-growing-factor,"Garbage Collection","memory-allocation"
gc-speed-uses-counters,"Garbage Collection",""
heap-growing-percent,"Garbage Collection","memory-allocation"
v8-os-page-size,"General",""
allocation-buffer-parking,"Garbage Collection","memory-allocation"
compact,"Garbage Collection","compaction"
compact-code-space,"Garbage Collection","compaction"
compact-on-every-full-gc,"Garbage Collection","compaction"
compact-with-stack,"Garbage Collection","compaction"
shortcut-strings-with-stack,"Garbage Collection","string"
stress-compaction,"Testing/Fuzzing","compaction,gc,testing"
resize-large-object,"Garbage Collection","memory-allocation"
stress-compaction-random,"Testing/Fuzzing","compaction,gc,testing"
flush-baseline-code,"Compiler","memory-allocation"
flush-bytecode,"Compiler","memory-allocation"
bytecode-old-age,"Compiler","memory-allocation"
flush-code-based-on-time,"Compiler","memory-allocation"
flush-code-based-on-tab-visibility,"Compiler","memory-allocation"
bytecode-old-time,"Compiler","memory-allocation"
stress-flush-code,"Testing/Fuzzing","compilation,memory-allocation,testing"
trace-flush-code,"Debugging/Tracing","compilation,memory-allocation,tracing"
use-marking-progress-bar,"Garbage Collection",""
stress-per-context-marking-worklist,"Testing/Fuzzing","gc,testing"
stress-incremental-marking,"Testing/Fuzzing","gc,testing"
memory-pool,"Garbage Collection","memory-allocation"
memory-pool-share-memory-on-teardown,"Garbage Collection","memory-allocation"
memory-pool-release-before-memory-pressure-gcs,"Garbage Collection","memory-allocation"
memory-pool-release-on-malloc-failures,"Garbage Collection","memory-allocation"
large-page-pool,"Garbage Collection","memory-allocation"
max-large-page-pool-size,"Garbage Collection","memory-allocation"
page-pool-timeout,"Garbage Collection","memory-allocation"
managed-zone-memory,"Garbage Collection","memory-allocation"
fuzzer-gc-analysis,"Testing/Fuzzing","fuzzing,gc"
stress-marking,"Testing/Fuzzing","gc,testing"
stress-scavenge,"Testing/Fuzzing","gc,testing"
reclaim-unmodified-wrappers,"Garbage Collection",""
parallel-reclaim-unmodified-wrappers,"Garbage Collection","concurrent"
gc-experiment-less-compaction,"Garbage Collection","compaction,experimental"
gc-memory-reducer-start-delay-ms,"Garbage Collection","memory-allocation"
concurrent-marking-high-priority-threads,"Garbage Collection","concurrent"
disable-abortjs,"Runtime",""
randomize-all-allocations,"Security","memory-allocation"
manual-evacuation-candidates-selection,"Testing/Fuzzing","gc,testing"
clear-free-memory,"Debugging/Tracing","memory-allocation"
idle-gc-on-context-disposal,"Garbage Collection",""
trace-context-disposal,"Debugging/Tracing","tracing"
cppheap-incremental-marking,"Garbage Collection","experimental"
cppheap-concurrent-marking,"Garbage Collection","concurrent,experimental"
memory-balancer,"Garbage Collection","experimental,memory-allocation"
memory-balancer-c-value,"Garbage Collection","experimental,memory-allocation"
trace-memory-balancer,"Debugging/Tracing","gc,memory-allocation,tracing"
late-heap-limit-check,"Garbage Collection",""
reserve-contiguous-compressed-read-only-space,"Garbage Collection","memory-allocation"
debug-code,"Debugging/Tracing",""
trap-on-abort,"Debugging/Tracing",""
slow-debug-code,"Debugging/Tracing",""
code-comments,"Debugging/Tracing","tracing"
enable-sse3,"CPU/Architecture",""
enable-ssse3,"CPU/Architecture",""
enable-sse4-1,"CPU/Architecture",""
enable-sse4-2,"CPU/Architecture",""
enable-sahf,"CPU/Architecture",""
enable-avx,"CPU/Architecture",""
enable-avx2,"CPU/Architecture",""
enable-avx-vnni,"CPU/Architecture",""
enable-avx-vnni-int8,"CPU/Architecture",""
enable-fma3,"CPU/Architecture",""
enable-f16c,"CPU/Architecture",""
enable-bmi1,"CPU/Architecture",""
enable-bmi2,"CPU/Architecture",""
enable-lzcnt,"CPU/Architecture",""
enable-popcnt,"CPU/Architecture",""
arm-arch,"CPU/Architecture",""
force-long-branches,"CPU/Architecture",""
mcpu,"CPU/Architecture",""
partial-constant-pool,"CPU/Architecture",""
sim-arm64-optional-features,"CPU/Architecture","testing"
intel-jcc-erratum-mitigation,"CPU/Architecture","security"
enable-source-at-csa-bind,"Debugging/Tracing","turbofan"
enable-armv7,"CPU/Architecture",""
enable-vfp3,"CPU/Architecture",""
enable-32dregs,"CPU/Architecture",""
enable-neon,"CPU/Architecture",""
enable-sudiv,"CPU/Architecture",""
enable-armv8,"CPU/Architecture",""
enable-regexp-unaligned-accesses,"RegExp",""
script-streaming,"Parser","concurrent"
stress-background-compile,"Testing/Fuzzing","compilation,concurrent,parsing,testing"
concurrent-cache-deserialization,"Runtime","concurrent"
merge-background-deserialized-script-with-compilation-cache,"Runtime","compilation,concurrent"
verify-code-merge,"Debugging/Tracing",""
experimental-embedder-instance-types,"API/Embedder","experimental,type"
expose-gc,"API/Embedder","gc"
expose-gc-as,"API/Embedder","gc"
expose-externalize-string,"API/Embedder","string"
expose-statistics,"API/Embedder",""
expose-trigger-failure,"API/Embedder","testing"
expose-ignition-statistics,"API/Embedder","ignition"
stack-trace-limit,"Debugging/Tracing",""
builtins-in-stack-traces,"Debugging/Tracing",""
experimental-stack-trace-frames,"Debugging/Tracing","experimental"
disallow-code-generation-from-strings,"Security","compilation"
expose-async-hooks,"API/Embedder",""
expose-cputracemark-as,"API/Embedder","tracing"
experimental-report-exceptions-from-callbacks,"API/Embedder","experimental"
allow-unsafe-function-constructor,"Security",""
force-slow-path,"Testing/Fuzzing","testing"
test-small-max-function-context-stub-size,"Testing/Fuzzing","testing"
inline-new,"Compiler","memory-allocation,optimization"
switch-table-spread-threshold,"Compiler","optimization"
switch-table-min-cases,"Compiler","optimization"
stress-lazy-compilation,"Testing/Fuzzing","compilation,testing"
trace,"Debugging/Tracing","function-call,tracing"
lazy,"Compiler","compilation"
lazy-eval,"Compiler","compilation"
lazy-streaming,"Compiler","compilation"
max-lazy,"Compiler","compilation"
trace-opt,"Debugging/Tracing","optimization,tracing"
trace-opt-status,"Debugging/Tracing","optimization,tracing"
trace-opt-verbose,"Debugging/Tracing","optimization,tracing"
trace-opt-stats,"Debugging/Tracing","optimization,tracing"
trace-deopt,"Debugging/Tracing","deoptimization,tracing"
log-deopt,"Debugging/Tracing","deoptimization"
trace-deopt-verbose,"Debugging/Tracing","deoptimization,tracing"
trace-file-names,"Debugging/Tracing","tracing"
always-osr,"Testing/Fuzzing","testing"
trace-serializer,"Debugging/Tracing","tracing"
external-reference-stats,"Debugging/Tracing",""
compilation-cache,"Compiler",""
cache-prototype-transitions,"Compiler","object"
lazy-compile-dispatcher,"Compiler","compilation,concurrent,experimental"
lazy-compile-dispatcher-max-threads,"Compiler","compilation,concurrent"
trace-compiler-dispatcher,"Debugging/Tracing","compilation,concurrent,tracing"
parallel-compile-tasks-for-eager-toplevel,"Compiler","compilation,concurrent,experimental"
parallel-compile-tasks-for-lazy,"Compiler","compilation,concurrent,experimental"
cpu-profiler-sampling-interval,"Debugging/Tracing","profiling"
trace-side-effect-free-debug-evaluate,"Debugging/Tracing","tracing"
hard-abort,"Debugging/Tracing",""
log-colour,"Debugging/Tracing",""
expose-inspector-scripts,"Debugging/Tracing",""
inspector-live-edit,"Debugging/Tracing",""
stack-size,"General","memory-allocation"
max-stack-trace-source-length,"Debugging/Tracing",""
clear-exceptions-on-js-entry,"API/Embedder",""
use-original-message-for-stack-trace,"Debugging/Tracing",""
histogram-interval,"Debugging/Tracing",""
heap-profiler-trace-objects,"Debugging/Tracing","gc,profiling"
heap-profiler-use-embedder-graph,"Debugging/Tracing","gc,profiling"
heap-snapshot-on-oom,"Debugging/Tracing","gc"
heap-snapshot-path,"Debugging/Tracing","gc"
heap-snapshot-on-gc,"Debugging/Tracing","gc"
heap-snapshot-string-limit,"Debugging/Tracing","gc,string"
heap-profiler-show-hidden-objects,"Debugging/Tracing","gc,profiling"
profile-heap-snapshot,"Debugging/Tracing","gc,profiling"
heap-snapshot-verify,"Debugging/Tracing","gc"
sampling-heap-profiler-suppress-randomness,"Debugging/Tracing","gc,profiling,testing"
log-ic,"Debugging/Tracing",""
fast-map-update,"Runtime","object,optimization"
max-valid-polymorphic-map-count,"Runtime","object"
clone-object-sidestep-transitions,"Runtime","object,optimization"
fast-properties-soft-limit,"Runtime","object,optimization,property-access"
max-fast-properties,"Runtime","object,optimization,property-access"
native-code-counters,"Debugging/Tracing",""
sparkplug-plus,"Sparkplug","experimental"
super-ic,"Runtime","optimization"
mega-dom-ic,"Runtime","optimization"
trace-prototype-users,"Debugging/Tracing","object,tracing"
trace-for-in-enumerate,"Debugging/Tracing","loop,tracing"
log-maps,"Debugging/Tracing","object"
log-maps-details,"Debugging/Tracing","object"
move-prototype-transitions-first,"Runtime","object,optimization"
allow-natives-syntax,"API/Embedder","testing"
allow-natives-for-differential-fuzzing,"API/Embedder","fuzzing,testing"
parse-only,"Parser",""
enable-parser-ablation,"Parser","testing"
enable-preparser-ablation,"Parser","testing"
enable-bytecode-compiler-ablation,"Ignition","testing"
parser-ablation-amount,"Parser","testing"
preparser-ablation-amount,"Parser","testing"
bytecode-compiler-ablation-amount,"Ignition","testing"
async-stack-traces,"Debugging/Tracing",""
stack-trace-on-illegal,"Debugging/Tracing",""
abort-on-uncaught-exception,"Debugging/Tracing",""
correctness-fuzzer-suppressions,"Testing/Fuzzing","fuzzing"
rehash-snapshot,"Runtime",""
hash-seed,"General",""
random-seed,"General",""
fuzzer-random-seed,"Testing/Fuzzing","fuzzing"
hashes-collide,"Testing/Fuzzing","testing"
trace-rail,"Debugging/Tracing","tracing"
print-all-exceptions,"Debugging/Tracing","tracing"
detailed-error-stack-trace,"Debugging/Tracing",""
adjust-os-scheduling-parameters,"General",""
experimental-flush-embedded-blob-icache,"CPU/Architecture","experimental"
short-builtin-calls,"Compiler",""
trace-code-range-allocation,"Debugging/Tracing","memory-allocation,tracing"
better-code-range-allocation,"Compiler","memory-allocation"
abort-on-far-code-range,"Debugging/Tracing","memory-allocation"
runtime-call-stats,"Debugging/Tracing","runtime"
rcs,"Debugging/Tracing","runtime"
rcs-cpu-time,"Debugging/Tracing","runtime"
verify-snapshot-checksum,"Runtime",""
profile-deserialization,"Debugging/Tracing","profiling"
trace-deserialization,"Debugging/Tracing","tracing"
serialization-statistics,"Debugging/Tracing",""
regexp-optimization,"RegExp","optimization"
regexp-interpret-all,"RegExp",""
regexp-tier-up,"RegExp",""
regexp-tier-up-ticks,"RegExp",""
regexp-peephole-optimization,"RegExp","optimization"
regexp-results-cache,"RegExp",""
regexp-assemble-from-bytecode,"RegExp","compilation"
trace-regexp-peephole-optimization,"Debugging/Tracing","optimization,regexp,tracing"
trace-regexp-bytecodes,"Debugging/Tracing","regexp,tracing"
trace-regexp-assembler,"Debugging/Tracing","regexp,tracing"
trace-regexp-parser,"Debugging/Tracing","parsing,regexp,tracing"
trace-regexp-tier-up,"Debugging/Tracing","regexp,tracing"
trace-regexp-graph,"Debugging/Tracing","regexp,tracing"
enable-experimental-regexp-engine,"RegExp","experimental"
default-to-experimental-regexp-engine,"RegExp","experimental"
experimental-regexp-engine-capture-group-opt,"RegExp","experimental,optimization"
experimental-regexp-engine-capture-group-opt-max-memory-usage,"RegExp","experimental,memory-allocation"
trace-experimental-regexp-engine,"Debugging/Tracing","experimental,regexp,tracing"
enable-experimental-regexp-engine-on-excessive-backtracks,"RegExp","experimental"
regexp-backtracks-before-fallback,"RegExp",""
regexp-simd,"RegExp","optimization"
trace-read-only-promotion,"Debugging/Tracing","gc,tracing"
trace-read-only-promotion-verbose,"Debugging/Tracing","gc,tracing"
testing-bool-flag,"Testing/Fuzzing",""
testing-maybe-bool-flag,"Testing/Fuzzing",""
testing-int-flag,"Testing/Fuzzing",""
testing-float-flag,"Testing/Fuzzing",""
testing-string-flag,"Testing/Fuzzing",""
testing-prng-seed,"Testing/Fuzzing",""
strict-termination-checks,"Security","experimental"
fuzzing,"Testing/Fuzzing","fuzzing"
hole-fuzzing,"Testing/Fuzzing","fuzzing"
sandbox-testing,"Sandbox","testing"
sandbox-fuzzing,"Sandbox","fuzzing"
expose-memory-corruption-api,"API/Embedder","security"
freeze-flags-after-init,"General",""
cet-compatible,"CPU/Architecture","security"
embedded-src,"General",""
embedded-variant,"General",""
startup-src,"General",""
startup-blob,"General",""
target-arch,"General",""
target-os,"General",""
target-is-simulator,"General",""
turbo-profiling-input,"TurboFan","profiling"
turbo-log-builtins-count-input,"TurboFan",""
text-is-readable,"General",""
trace-minor-ms-parallel-marking,"Debugging/Tracing","concurrent,gc,tracing"
minor-ms,"Garbage Collection",""
concurrent-minor-ms-marking,"Garbage Collection","concurrent"
black-allocated-pages,"Garbage Collection","memory-allocation"
sticky-mark-bits,"Garbage Collection",""
minor-ms-min-new-space-capacity-for-concurrent-marking-mb,"Garbage Collection","concurrent"
minor-ms-concurrent-marking-trigger,"Garbage Collection","concurrent"
minor-ms-min-lab-size-kb,"Garbage Collection","memory-allocation"
handle-weak-ref-weakly-in-minor-gc,"Garbage Collection",""
help,"General",""
print-flag-values,"Debugging/Tracing",""
print-feature-flags-json,"Debugging/Tracing",""
slow-histograms,"Debugging/Tracing",""
use-external-strings,"Runtime","string"
map-counters,"Debugging/Tracing",""
mock-arraybuffer-allocator,"Testing/Fuzzing","memory-allocation,testing"
mock-arraybuffer-allocator-limit,"Testing/Fuzzing","memory-allocation,testing"
multi-mapped-mock-allocator,"Testing/Fuzzing","memory-allocation,testing"
gdbjit,"Debugging/Tracing",""
gdbjit-full,"Debugging/Tracing",""
gdbjit-dump,"Debugging/Tracing",""
gdbjit-dump-filter,"Debugging/Tracing",""
enable-slow-asserts,"Debugging/Tracing",""
print-ast,"Debugging/Tracing","parsing,tracing"
print-scopes,"Debugging/Tracing","parsing,tracing"
trace-contexts,"Debugging/Tracing","tracing"
gc-verbose,"Debugging/Tracing","gc,tracing"
code-stats,"Debugging/Tracing",""
print-handles,"Debugging/Tracing","gc,tracing"
check-handle-count,"Debugging/Tracing","gc"
print-global-handles,"Debugging/Tracing","gc,tracing"
trace-turbo-escape,"Debugging/Tracing","memory-allocation,tracing,turbofan"
trace-module-status,"Debugging/Tracing","tracing"
trace-normalization,"Debugging/Tracing","object,tracing"
trace-lazy,"Debugging/Tracing","compilation,tracing"
trace-isolates,"Debugging/Tracing","tracing"
regexp-possessive-quantifier,"RegExp","experimental"
print-break-location,"Debugging/Tracing",""
logfile,"Debugging/Tracing",""
logfile-per-isolate,"Debugging/Tracing",""
log,"Debugging/Tracing",""
log-all,"Debugging/Tracing",""
log-internal-timer-events,"Debugging/Tracing",""
log-timer-events,"Debugging/Tracing",""
log-source-code,"Debugging/Tracing",""
log-source-position,"Debugging/Tracing",""
log-code,"Debugging/Tracing",""
log-feedback-vector,"Debugging/Tracing",""
log-code-disassemble,"Debugging/Tracing",""
log-function-events,"Debugging/Tracing",""
detailed-line-info,"Debugging/Tracing","profiling"
prof-include-idle,"Debugging/Tracing","profiling"
perfetto-code-logger,"Debugging/Tracing","profiling"
prof-sampling-interval,"Debugging/Tracing","profiling"
prof-cpp,"Debugging/Tracing","profiling"
prof-browser-mode,"Debugging/Tracing","profiling"
prof,"Debugging/Tracing","profiling"
ll-prof,"Debugging/Tracing","profiling"
perf-basic-prof,"Debugging/Tracing","profiling"
perf-basic-prof-path,"Debugging/Tracing","profiling"
perf-basic-prof-only-functions,"Debugging/Tracing","profiling"
perf-prof,"Debugging/Tracing","profiling"
perf-prof-path,"Debugging/Tracing","profiling"
perf-prof-annotate-wasm,"Debugging/Tracing","profiling,wasm"
perf-prof-delete-file,"Debugging/Tracing","profiling,testing"
perf-prof-unwinding-info,"Debugging/Tracing","profiling"
gc-fake-mmap,"Debugging/Tracing","gc,profiling"
redirect-code-traces,"Debugging/Tracing","tracing"
redirect-code-traces-to,"Debugging/Tracing","tracing"
print-opt-source,"Debugging/Tracing","optimization,tracing"
vtune-prof-annotate-wasm,"Debugging/Tracing","profiling,wasm"
win64-unwinding-info,"Debugging/Tracing","profiling"
interpreted-frames-native-stack,"Debugging/Tracing","profiling"
enable-etw-stack-walking,"Debugging/Tracing","profiling"
etw-trace-debug,"Debugging/Tracing","profiling"
enable-etw-by-custom-filter-only,"Debugging/Tracing","profiling"
print-builtin-size,"Debugging/Tracing",""
trace-elements-transitions,"Debugging/Tracing","object,tracing"
trace-creation-allocation-sites,"Debugging/Tracing","memory-allocation,tracing"
print-code,"Debugging/Tracing","tracing"
print-opt-code,"Debugging/Tracing","optimization,tracing"
print-opt-code-filter,"Debugging/Tracing","optimization,tracing"
print-code-verbose,"Debugging/Tracing","tracing"
print-builtin-code,"Debugging/Tracing","tracing"
print-builtin-code-filter,"Debugging/Tracing","tracing"
print-regexp-code,"Debugging/Tracing","regexp,tracing"
print-regexp-bytecode,"Debugging/Tracing","regexp,tracing"
print-all-code,"Debugging/Tracing","tracing"
predictable,"Testing/Fuzzing",""
predictable-gc-schedule,"Testing/Fuzzing","gc"
single-threaded,"General","concurrent"
single-threaded-gc,"Garbage Collection","concurrent"
single-threaded-gc-in-background,"Garbage Collection","concurrent"
parallel-pause-for-gc-in-background,"Garbage Collection","concurrent"
incremental-marking-for-gc-in-background,"Garbage Collection","concurrent"
shared-heap,"Garbage Collection","concurrent,experimental"
proto-assign-seq-opt,"Compiler","object,optimization"
use-libm-trig-functions,"Runtime",""
is-standalone-d8-shell,"General",""
disallow-unsafe-flags,"Security",""
verify-predictable,"Testing/Fuzzing",""
dump-allocations-digest-at-alloc,"Debugging/Tracing","memory-allocation"
